<?xml version="1.0" encoding="UTF-8"?>

<mule xmlns="http://www.mulesoft.org/schema/mule/core" xmlns:json="http://www.mulesoft.org/schema/mule/json" xmlns:http="http://www.mulesoft.org/schema/mule/http" xmlns:smtp="http://www.mulesoft.org/schema/mule/smtp" xmlns:doc="http://www.mulesoft.org/schema/mule/documentation" xmlns:spring="http://www.springframework.org/schema/beans" xmlns:core="http://www.mulesoft.org/schema/mule/core" version="EE-3.4.1" xmlns:xsi="http://www.w3.org/2001/XMLSchema-instance" xsi:schemaLocation="http://www.mulesoft.org/schema/mule/json http://www.mulesoft.org/schema/mule/json/current/mule-json.xsd
http://www.mulesoft.org/schema/mule/http http://www.mulesoft.org/schema/mule/http/current/mule-http.xsd
http://www.mulesoft.org/schema/mule/smtp http://www.mulesoft.org/schema/mule/smtp/current/mule-smtp.xsd
http://www.springframework.org/schema/beans http://www.springframework.org/schema/beans/spring-beans-current.xsd
http://www.mulesoft.org/schema/mule/core http://www.mulesoft.org/schema/mule/core/current/mule.xsd">
    <sub-flow name="send-mail-error" doc:name="send-mail-error">
        <set-variable variableName="serverIp" value="#[server.ip]" doc:name="Variable"/>
        <component class="com.rakuten.api.mule.components.GetRootException" doc:name="Get root exception"/>
        <smtp:outbound-endpoint host="${smtp.server}" port="${smtp.port}" to="${mail.to}" from="${mail.from}" subject="#[message.inboundProperties.get('subject')]" responseTimeout="10000" doc:name="SMTP"/>
        <flow-ref name="generate-error" doc:name="Flow Reference"/>
    </sub-flow>
    <sub-flow name="generate-error" doc:name="generate-error">
        <component class="com.rakuten.api.mule.components.ErrorMessageGenerator" doc:name="Error Message Generator"/>
        <json:object-to-json-transformer doc:name="Object to JSON"/>
        <http:response-builder status="500" doc:name="HTTP Response Builder"/>
    </sub-flow>
</mule>
