<?xml version="1.0" encoding="UTF-8"?>

<mule xmlns="http://www.mulesoft.org/schema/mule/core" xmlns:json="http://www.mulesoft.org/schema/mule/json"
	xmlns:http="http://www.mulesoft.org/schema/mule/http" xmlns:context="http://www.springframework.org/schema/context"
	xmlns:doc="http://www.mulesoft.org/schema/mule/documentation"
	xmlns:spring="http://www.springframework.org/schema/beans" xmlns:core="http://www.mulesoft.org/schema/mule/core"
	version="EE-3.4.1" xmlns:xsi="http://www.w3.org/2001/XMLSchema-instance"
	xsi:schemaLocation="http://www.mulesoft.org/schema/mule/json http://www.mulesoft.org/schema/mule/json/current/mule-json.xsd
http://www.mulesoft.org/schema/mule/http http://www.mulesoft.org/schema/mule/http/current/mule-http.xsd
http://www.springframework.org/schema/beans http://www.springframework.org/schema/beans/spring-beans-current.xsd
http://www.mulesoft.org/schema/mule/core http://www.mulesoft.org/schema/mule/core/current/mule.xsd">

	<http:connector proxyHostname="${http.proxy.host}"
		proxyPort="${http.proxy.port}" name="innerProxy" clientSoTimeout="${http.client.timeout}"
		cookieSpec="netscape" doc:name="HTTP\HTTPS" receiveBacklog="0"
		receiveBufferSize="0" sendBufferSize="0" serverSoTimeout="${http.server.timeout}"
		socketSoLinger="0" validateConnections="true">
		<service-overrides sessionHandler="org.mule.session.NullSessionHandler" />
	</http:connector>


	<context:property-placeholder
		location="shopCategory_delete.properties,environment.properties" />
	<spring:beans>
		<spring:import resource="classpath:common-beans.xml" />
	</spring:beans>
	<flow name="rakuten-open-api-shopCategory-get" doc:name="rakuten-open-api-shopCategory-get">
		<http:inbound-endpoint exchange-pattern="request-response"
			host="${mule.inbound.host}" port="${mule.inbound.port}" path="${mule.inbound.path}"
			doc:name="OPEN-API shopCategory/delete" />
		<custom-transformer class="com.rakuten.api.mule.transformers.initParameter"
			doc:name="initParameter" />
		<message-properties-transformer
			doc:name="Message Properties">
			<add-message-property key="requestId"
				value="#[message.inboundProperties['requestId']]" />
			<add-message-property key="X-Client-Id" value="${x.client.id}" />
		</message-properties-transformer>
		<logger message="queryString Request: #[payload]" level="INFO"
			doc:name="Logger" />
		<flow-ref name="rakuten-rmsg-api-shopCategory-get" doc:name="Call RMSG-API" />
		<choice-exception-strategy doc:name="Choice Exception Strategy">
			<catch-exception-strategy
				when="#[exception.causedBy(java.net.UnknownHostException)]"
				doc:name="Catch timeout api">
				<flow-ref name="generate-error" doc:name="generate errors" />
			</catch-exception-strategy>
			<catch-exception-strategy
				when="#[exception.causedBy(java.net.SocketTimeoutException)]"
				doc:name="Catch timeout api">
				<flow-ref name="generate-error" doc:name="generate errors" />
			</catch-exception-strategy>

			<catch-exception-strategy
				when="#[exception.causedBy(com.rakuten.api.common.exception.SystemException)]"
				doc:name="SystemException">
				<flow-ref name="send-mail-error" doc:name="Flow Reference" />
			</catch-exception-strategy>
			<catch-exception-strategy
				when="#[exception.causedBy(java.lang.Throwable)]" doc:name="Catch Exception Strategy">
				<flow-ref name="send-mail-error" doc:name="Flow Reference" />
			</catch-exception-strategy>

		</choice-exception-strategy>
	</flow>
	<sub-flow name="rakuten-rmsg-api-shopCategory-get" doc:name="rakuten-rmsg-api-shopCategory-get">
		<json:object-to-json-transformer
			doc:name="Object to JSON" />
		<http:outbound-endpoint exchange-pattern="request-response"
			host="${gecp.api.host}" port="${gecp.api.port}" path="${gecp.api.path}"
			method="POST" connector-ref="innerProxy" doc:name="RMSG-API shopCategory/delete" />
		<logger message="Status: #[message.inboundProperties['http.status']]."
			level="INFO" category="Check" doc:name="Logger" />
		<choice doc:name="Choice">
			<when
				expression="message.inboundProperties.get(&quot;http.status&quot;)==&quot;200&quot;">
				<json:json-to-object-transformer
					returnClass="java.util.Map" doc:name="JSON to Object" />
				<custom-transformer
					class="com.rakuten.api.mule.transformers.BuildResponseOpenApi"
					doc:name="Response Success" />
			</when>
			<otherwise>
				<custom-transformer
					class="com.rakuten.api.mule.transformers.BuildErrorResponseOpenApi"
					doc:name="Response Error" />
			</otherwise>
		</choice>
		<json:object-to-json-transformer
			doc:name="Object to JSON" />
		<http:response-builder status="#[message.inboundProperties['http.status']]"
			contentType="application/json" doc:name="HTTP Response Builder" />
	</sub-flow>
</mule>
