<?xml version="1.0" encoding="UTF-8"?>  
<!DOCTYPE log4j:configuration SYSTEM "log4j.dtd">
<log4j:configuration xmlns:log4j='http://jakarta.apache.org/log4j/'>

	<appender name="STDOUT" class="org.apache.log4j.ConsoleAppender">
		<layout class="org.apache.log4j.PatternLayout">
			<param name="ConversionPattern" value="%d %-5p [%t] %C{2} - %m%n" />
		</layout>
	</appender>

	<appender name="FILE" class="org.apache.log4j.DailyRollingFileAppender">
		<param name="File" value="${mule.home}/logs/shopCategory_delete_v1.0_qa.log" />
		<param name="MaxFileSize" value="100MB" />
		<param name="DatePattern" value="'.'yyyy-MM-dd" />
		<layout class="org.apache.log4j.PatternLayout">
			<param name="ConversionPattern" value="%d %-5p [%t] - %m%n" />
		</layout>
	</appender>

	<appender name="app_log" class="org.apache.log4j.AsyncAppender">
		<appender-ref ref="FILE" />
	</appender>

	<root>
		<level value="ERROR" />
		<level value="INFO" />
		<appender-ref ref="app_log" />
	</root>

<!-- 	<logger name="com.rakuten">
		
		<appender-ref ref="app_log" />
	</logger> -->


</log4j:configuration>
